{"entry::b1d8ab8b-30f9-4961-8fe4-61879df2b443":{"title":"Diamond Search"},"asset::images::background-ring-image.webp":{"title":"background-ring-image.webp"},"entry::001b32e9-8a53-47ae-9860-eb99ca1b306d":{"title":"Engagement Rings"},"entry::ff7bd8f6-246e-4188-a772-831b64beee93":{"title":"Engagement Ring Search"},"entry::ca9db2d5-8fc6-4d14-ae8a-c4bc757ad2a9":{"title":"Diamond Blog"},"entry::07a2c7fe-d848-4668-b746-105b75590ce2":{"title":"Diamond Information content"},"asset::images::wallpaperflare.com_wallpaper-(3).jpg":{"title":"wallpaperflare.com_wallpaper-(3).jpg"},"entry::ddff6c66-b779-4e05-aa41-4e031293fb2b":{"title":"Diamond Page Info"},"asset::images::wallpaperflare.com_wallpaper-(1)-1733829863.jpg":{"title":"wallpaperflare.com_wallpaper-(1)-1733829863.jpg"},"entry::2abd1af5-ba8d-466a-86c2-2a1425414499":{"title":"Blogs"},"entry::3023877b-35cb-40a2-b56e-9ae83c599c75":{"title":"FIrst blog"},"user::2":{"title":"example@example.com"},"entry::7c0623c7-642c-496f-8241-50cca918cca7":{"title":"Home"},"asset::images::wallpaperflare.com_wallpaper-(1).jpg":{"title":"wallpaperflare.com_wallpaper-(1).jpg"},"user::1":{"title":"example@example.com"},"entry::63dd8bc1-bf92-4562-9f3d-adddb7d8d7e9":{"title":"Blogs"}}